{
	"format_version": "1.8.0",
	"animations": {
		"kan": {
			"loop": "hold_on_last_frame",
			"animation_length": 0.83333,
			"bones": {
				"torso": {
					"rotation": {
						"0.0": [0, 0, 0],
						"0.7083": [0, 0, 0],
						"0.7917": [-17.5, 0, 0]
					},
					"position": {
						"0.0": [0, 0, 0],
						"0.7083": [0, 0, 0],
						"0.7917": [0, 0, 4]
					}
				},
				"head": {
					"rotation": {
						"0.0": [0, 0, 0],
						"0.5": [-17.5, 0, 0],
						"0.7083": [-17.5, 0, 0],
						"0.7917": [0, 0, 0]
					},
					"position": {
						"0.0": [0, 0, 0],
						"0.7083": [0, 0, 0],
						"0.7917": [0, 0, 3]
					}
				},
				"right_arm": {
					"rotation": {
						"0.0": [0, 0, 0],
						"0.5": [86.46671, 44.94549, -2.49762],
						"0.7083": [86.46671, 44.94549, -2.49762],
						"0.7917": [86.30232, -47.44052, 2.72535]
					},
					"position": {
						"0.0": [0, 0, 0],
						"0.7917": [0, 0, 2]
					}
				},
				"left_arm": {
					"rotation": {
						"0.0": [0, 0, 0],
						"0.5": [32.5, 0, 0],
						"0.7083": [32.5, 0, 0],
						"0.7917": [-27.90773, 11.79074, -1.5238]
					},
					"position": {
						"0.0": [0, 0, 0],
						"0.7083": [0, 0, 0],
						"0.7917": [0, 0, 3]
					}
				},
				"right_leg": {
					"rotation": {
						"0.0": [0, 0, 0],
						"0.5": [-42.5, 0, 0]
					},
					"position": {
						"0.0": [0, 0, 0],
						"0.7083": [0, 0, 0],
						"0.7917": [0, 0, 1]
					}
				},
				"left_leg": {
					"rotation": {
						"0.0": [0, 0, 0],
						"0.2917": [27.5, 0, 0]
					},
					"position": {
						"0.0": [0, 0, 0],
						"0.7083": [0, 0, 0],
						"0.7917": [0, 0, 2]
					}
				}
			}
		},
		"kant": {
			"loop": "hold_on_last_frame",
			"animation_length": 0.25,
			"bones": {
				"torso": {
					"rotation": {
						"0.0": [-17.5, 0, 0],
						"0.25": [-5, 0, 0]
					},
					"position": [0, 0, 3]
				},
				"head": {
					"rotation": [-5, 0, 0],
					"position": {
						"0.0": [0, 0, 3],
						"0.25": [0, 0, 3]
					}
				},
				"right_arm": {
					"rotation": {
						"0.0": [86.30232, -47.44052, 2.72535],
						"0.25": [36.14738, 40.80979, -2.93385]
					},
					"position": [0, 0, 2]
				},
				"left_arm": {
					"rotation": {
						"0.0": [-27.90773, 11.79074, -1.5238],
						"0.25": [6.56807, 2.67485, -5.67242]
					},
					"position": [0, 0, 3]
				},
				"right_leg": {
					"position": {
						"0.0": [0, 0, 0],
						"0.25": [0, 0, 2]
					}
				},
				"left_leg": {
					"position": {
						"0.0": [0, 0, 0],
						"0.25": [0, 0, 2]
					}
				}
			}
		}
	}
}